user_input,output,flag,username,timestamp
why do i feel tired,,,,2023-08-18 01:09:42.757639
Hello,,,,2023-08-18 01:15:14.939775
why do i feel tired all the time,"There can be several potential reasons why you may be feeling tired all the time. It's important to consider both physical and psychological factors that could be contributing to your fatigue. Here are a few possibilities:

1. Lack of sleep: One of the most common causes of fatigue is not getting enough sleep or having poor sleep quality. It's important to ensure you are getting the recommended amount of sleep for your age.

2. Poor sleep hygiene: Certain habits, such as irregular sleep schedules, excessive caffeine intake, or using electronic devices before bed, can disrupt your sleep patterns and leave you feeling tired during the day.

3. Stress and anxiety: Mental and emotional stress can take a toll on your energy levels. Constantly feeling overwhelmed or anxious can contribute to fatigue.

4. Depression: Depression often includes symptoms of low energy and fatigue. If you are also experiencing feelings of sadness, loss of interest, difficulty concentrating, or changes in appetite, it may be worth discussing with a mental health professional.

5. Lack of physical activity: A sedentary lifestyle can lead to a decrease in energy levels. Regular exercise helps boost your overall energy and can improve sleep quality.

6. Unhealthy diet: Poor nutrition, including nutrient deficiencies or an excessive intake of processed foods or sugary snacks, can impact your energy levels.

It's essential to consult with a healthcare professional to assess your individual situation and determine the underlying cause of your fatigue. They can provide a comprehensive evaluation and provide appropriate recommendations or treatments based on your specific needs.",,,2023-08-18 01:27:41.233415
